[
	{
		"symbol":"ATVI",
		"name":"Activision Blizzard Inc",
		"headquartersCity":"Santa Monica",
		"headquartersStateOrCountry":"CA",
		"numberOfEmployees":9600,
		"sector":"Technology",
		"industry":"Internet Gaming"
	},
	{
		"symbol":"ADBE",
		"name":"Adobe Systems Incorporated",
		"headquartersCity":"Santa Jose",
		"headquartersStateOrCountry":"CA",
		"numberOfEmployees":10000,
		"sector":"Technology",
		"industry":"Application Software"
	},
	{
		"symbol":"AKAM",
		"name":"Akamai Technologies Inc.",
		"headquartersCity":"Cambridge",
		"headquartersStateOrCountry":"MA",
		"numberOfEmployees":6200,
		"sector":"Technology",
		"industry":"IT Services & Consulting"
	},
	{
		"symbol":"ALXN",
		"name":"Alexion Pharmaceuticals Inc.",
		"headquartersCity":"New Haven",
		"headquartersStateOrCountry":"CT",
		"numberOfEmployees":2924,
		"sector":"Healthcare",
		"industry":"Biopharmaceuticals"
	},
	{
		"symbol":"GOOG",
		"name":"Alphabet Inc.",
		"headquartersCity":"Mountain View",
		"headquartersStateOrCountry":"CA",
		"numberOfEmployees":98771,
		"sector":"Technology",
		"industry":"Search Engines"
	},
	{
		"symbol":"AMZN",
		"name":"Amazon.com Inc.",
		"headquartersCity":"Seattle",
		"headquartersStateOrCountry":"WA",
		"numberOfEmployees":647500,
		"sector":"Cyclical Consumer Goods & Services",
		"industry":"Internet & Mail Order Department Stores"
	},
	{
		"symbol":"AAL",
		"name":"American Airlines Group Inc.",
		"headquartersCity":"Fort Worth",
		"headquartersStateOrCountry":"TX",
		"numberOfEmployees":118500,
		"sector":"Industrials",
		"industry":"Regional Airlines"
	},
	{
		"symbol":"AMGN",
		"name":"Amgen Inc.",
		"headquartersCity":"Thousand Oaks",
		"headquartersStateOrCountry":"CA",
		"numberOfEmployees":118500,
		"sector":"Healthcare",
		"industry":"Bio Therapeutic Drugs"
	},
	{
		"symbol":"ADI",
		"name":"Analog Devices Inc.",
		"headquartersCity":"Norwood",
		"headquartersStateOrCountry":"MA",
		"numberOfEmployees":10000,
		"sector":"Technology",
		"industry":"Semiconductors"
	},
	{
		"symbol":"AAPL",
		"name":"Apple Inc.",
		"headquartersCity":"Cupertino",
		"headquartersStateOrCountry":"CA",
		"numberOfEmployees":116000,
		"sector":"Technology",
		"industry":"Computer Hardware"
	},
	{
		"symbol":"AMAT",
		"name":"Applied Materials Inc.",
		"headquartersCity":"Santa Clara",
		"headquartersStateOrCountry":"CA",
		"numberOfEmployees":15600,
		"sector":"Technology",
		"industry":"Semiconductor Machinery Manufacturing"
	},
	{
		"symbol":"ADSK",
		"name":"Autodesk Inc.",
		"headquartersCity":"San Rafael",
		"headquartersStateOrCountry":"CA",
		"numberOfEmployees":9000,
		"sector":"Technology",
		"industry":"Application Software"
	},
	{
		"symbol":"ADP",
		"name":"Automatic Data Processing Inc.",
		"headquartersCity":"Roseland",
		"headquartersStateOrCountry":"NJ",
		"numberOfEmployees":57000,
		"sector":"Technology",
		"industry":"IT Services & Consulting"
	},
	{
		"symbol":"BIDU",
		"name":"Baidu Inc.",
		"headquartersCity":"Beijing",
		"headquartersStateOrCountry":"China",
		"numberOfEmployees":45887,
		"sector":"Technology",
		"industry":"Search Engines"
	},
	{
		"symbol":"BIIB",
		"name":"Biogen Inc.",
		"headquartersCity":"Cambridge",
		"headquartersStateOrCountry":"MA",
		"numberOfEmployees":7350,
		"sector":"Healthcare",
		"industry":"Biopharmaceuticals"
	},
	{
		"symbol":"BMRN",
		"name":"BioMarin Pharmaceutical Inc.",
		"headquartersCity":"Novato",
		"headquartersStateOrCountry":"CA",
		"numberOfEmployees":2293,
		"sector":"Healthcare",
		"industry":"Biopharmaceuticals"
	},
	{
		"symbol":"AVGO",
		"name":"Broadcom Limited",
		"headquartersCity":"San Jose",
		"headquartersStateOrCountry":"CA",
		"numberOfEmployees":15700,
		"sector":"Technology",
		"industry":"Semiconductors"
	},
	{
		"symbol":"CA",
		"name":"CA Inc.",
		"headquartersCity":"New York",
		"headquartersStateOrCountry":"NY",
		"numberOfEmployees":11000,
		"sector":"Technology",
		"industry":"Server & Database Software"
	},
	{
		"symbol":"CELG",
		"name":"Celgene Corporation",
		"headquartersCity":"Summit",
		"headquartersStateOrCountry":"NJ",
		"numberOfEmployees":7132,
		"sector":"Healthcare",
		"industry":"Bio Therapeutic Drugs"
	},
	{
		"symbol":"CERN",
		"name":"Cerner Corporation",
		"headquartersCity":"North Kansas City",
		"headquartersStateOrCountry":"MO",
		"numberOfEmployees":24400,
		"sector":"Healthcare",
		"industry":"Advanced Medical Equipment & Technology"
	},
	{
		"symbol":"CHTR",
		"name":"Charter Communications Inc.",
		"headquartersCity":"Stamford",
		"headquartersStateOrCountry":"CT",
		"numberOfEmployees":null,
		"sector":null,
		"industry":null
	},
	{
		"symbol":"CHKP",
		"name":"Check Point Software Technologies Ltd.",
		"headquartersCity":"Tel Aviv",
		"headquartersStateOrCountry":"Israel",
		"numberOfEmployees":3898,
		"sector":"Technology",
		"industry":"Application Software"
	},
	{
		"symbol":"CTAS",
		"name":"Cintas Corporation",
		"headquartersCity":"Cincinnati",
		"headquartersStateOrCountry":"OH",
		"numberOfEmployees":35000,
		"sector":"Industrials",
		"industry":"Business Support Services"
	},
	{
		"symbol":"CSCO",
		"name":"Cisco Systems Inc.",
		"headquartersCity":"San Jose",
		"headquartersStateOrCountry":"CA",
		"numberOfEmployees":71959,
		"sector":"Technology",
		"industry":"Communications & Networking"
	},
	{
		"symbol":"CTXS",
		"name":"Citrix Systems Inc.",
		"headquartersCity":"Fort Lauderdale",
		"headquartersStateOrCountry":"FL",
		"numberOfEmployees":9600,
		"sector":"Technology",
		"industry":"Software"
	},
	{
		"symbol":"CTSH",
		"name":"Cognizant Technology Solutions Corporation",
		"headquartersCity":"Teaneck",
		"headquartersStateOrCountry":"NJ",
		"numberOfEmployees":260200,
		"sector":"Technology",
		"industry":"IT Services & Consulting"
	},
	{
		"symbol":"CMCSA",
		"name":"Comcast Corporation",
		"headquartersCity":"Philadelphia",
		"headquartersStateOrCountry":"PA",
		"numberOfEmployees":159000,
		"sector":"Cyclical Consumer Goods & Services",
		"industry":"Broadcasting"
	},
	{
		"symbol":"COST",
		"name":"Costco Wholesale Corporation",
		"headquartersCity":"Issaquah",
		"headquartersStateOrCountry":"WA",
		"numberOfEmployees":126000,
		"sector":"Cyclical Consumer Goods & Services",
		"industry":"Discount Stores"
	},
	{
		"symbol":"CSX",
		"name":"CSX Corporation",
		"headquartersCity":"Jacksonville",
		"headquartersStateOrCountry":"FL",
		"numberOfEmployees":27000,
		"sector":"Industrials",
		"industry":"Ground Freight & Logistics"
	},
	{
		"symbol":"CTRP",
		"name":"Ctrip.com International Ltd.",
		"headquartersCity":"Shanghai",
		"headquartersStateOrCountry":"China",
		"numberOfEmployees":37000,
		"sector":"Cyclical Consumer Goods & Services",
		"industry":"Travel Agents"
	},
	{
		"symbol":"XRAY",
		"name":"DENTSPLY SIRONA Inc.",
		"headquartersCity":"York",
		"headquartersStateOrCountry":"PA",
		"numberOfEmployees":15700,
		"sector":"Healthcare",
		"industry":"Medical Equipment, Supplies & Distribution"
	},
	{
		"symbol":"DISCA",
		"name":"Discovery Communications Inc.",
		"headquartersCity":"Silver Spring",
		"headquartersStateOrCountry":"MD",
		"numberOfEmployees":7000,
		"sector":"Cyclical Consumer Goods & Services",
		"industry":"Television Broadcasting"
	},
	{
		"symbol":"DISCK",
		"name":"Discovery Communications Inc.",
		"headquartersCity":"Silver Spring",
		"headquartersStateOrCountry":"MD",
		"numberOfEmployees":7000,
		"sector":"Cyclical Consumer Goods & Services",
		"industry":"Television Broadcasting"
	},
	{
		"symbol":"DISH",
		"name":"DISH Network Corporation",
		"headquartersCity":"Englewood",
		"headquartersStateOrCountry":"CO",
		"numberOfEmployees":16000,
		"sector":"Cyclical Consumer Goods & Service",
		"industry":"Cable Service Providers"
	},
	{
		"symbol":"DLTR",
		"name":"Dollar Tree Inc.",
		"headquartersCity":"Chesapeake",
		"headquartersStateOrCountry":"VA",
		"numberOfEmployees":55300,
		"sector":"Cyclical Consumer Goods & Services",
		"industry":"Discount Stores without groceries"
	},
	{
		"symbol":"EBAY",
		"name":"eBay Inc.",
		"headquartersCity":"San Jose",
		"headquartersStateOrCountry":"CA",
		"numberOfEmployees":12600,
		"sector":"Technology",
		"industry":"E-commerce & Auction Services"
	},
	{
		"symbol":"EA",
		"name":"Electronic Arts Inc.",
		"headquartersCity":"Redwood City",
		"headquartersStateOrCountry":"CA",
		"numberOfEmployees":8500,
		"sector":"Technology",
		"industry":"Application Software"
	},
	{
		"symbol":"EXPE",
		"name":"Expedia Inc.",
		"headquartersCity":"Redmond",
		"headquartersStateOrCountry":"WA",
		"numberOfEmployees":20075,
		"sector":"Cyclical Consumer Goods & Services",
		"industry":"Travel Agents"
	},
	{
		"symbol":"ESRX",
		"name":"Express Scripts Holding Company",
		"headquartersCity":null,
		"headquartersStateOrCountry":null,
		"numberOfEmployees":null,
		"sector":null,
		"industry":null
	},
	{
		"symbol":"FB",
		"name":"Facebook Inc.",
		"headquartersCity":"Menlo Park",
		"headquartersStateOrCountry":"CA",
		"numberOfEmployees":17048,
		"sector":"Technology",
		"industry":"Social Media & Networking"
	},
	{
		"symbol":"FAST",
		"name":"Fastenal Company",
		"headquartersCity":"Winona",
		"headquartersStateOrCountry":"MN",
		"numberOfEmployees":19822,
		"sector":"Industrials",
		"industry":"Industrial Machinery & Equipment Wholesale"
	},
	{
		"symbol":"FISV",
		"name":"Fiserv Inc.",
		"headquartersCity":"Brookfield",
		"headquartersStateOrCountry":"WI",
		"numberOfEmployees":21000,
		"sector":"Industrials",
		"industry":"Transaction & Payment Services"
	},
	{
		"symbol":"GILD",
		"name":"Gilead Sciences Inc.",
		"headquartersCity":"Foster City",
		"headquartersStateOrCountry":"CA",
		"numberOfEmployees":9000,
		"sector":"Healthcare",
		"industry":"Bio Therapeutic Drugs"
	},
	{
		"symbol":"HAS",
		"name":"Hasbro Inc.",
		"headquartersCity":"Pawtucket",
		"headquartersStateOrCountry":"RI",
		"numberOfEmployees":5400,
		"sector":"Cyclical Consumer Goods & Services",
		"industry":"Toys & Juvenile Products"
	},
	{
		"symbol":"HSIC",
		"name":"Henry Schein Inc.",
		"headquartersCity":"Melville",
		"headquartersStateOrCountry":"NY",
		"numberOfEmployees":21000,
		"sector":"Healthcare",
		"industry":"Medical Equipment Wholesale"
	},
	{
		"symbol":"HOLX",
		"name":"Hologic Inc.",
		"headquartersCity":"Marlborough",
		"headquartersStateOrCountry":"MA",
		"numberOfEmployees":5333,
		"sector":"Healthcare",
		"industry":"Advanced Medical Equipment & Technology"
	},
	{
		"symbol":"IDXX",
		"name":"IDEXX Laboratories Inc.",
		"headquartersCity":"Westbrook",
		"headquartersStateOrCountry":"ME",
		"numberOfEmployees":7365,
		"sector":"Healthcare",
		"industry":"Veterinary Medical Equipment & Supplies"
	},
	{
		"symbol":"ILMN",
		"name":"IDEXX Laboratories Inc.",
		"headquartersCity":"San Diego",
		"headquartersStateOrCountry":"CA",
		"numberOfEmployees":5500,
		"sector":"Healthcare",
		"industry":"Advanced Medical Equipment & Technology"
	},
	{
		"symbol":"INCY",
		"name":"Incyte Corporation",
		"headquartersCity":"Wilmington",
		"headquartersStateOrCountry":"DE",
		"numberOfEmployees":980,
		"sector":"Healthcare",
		"industry":"Biotechnology & Medical Research"
	}
]
